{"cameraMode":{"drawMode":0,"name":"Shaded","section":"Shading Mode"},"sceneLighting":false,"audioPlay":false,"sceneViewState":{"m_AlwaysRefresh":false,"showFog":true,"showSkybox":false,"showFlares":true,"showImageEffects":true,"showParticleSystems":true,"showVisualEffectGraphs":true,"m_FxEnabled":true},"in2DMode":false,"pivot":{"x":-5.72841739654541,"y":2.072338581085205,"z":-20.86844253540039},"rotation":{"x":0.19398260116577149,"y":0.04687492176890373,"z":-0.007954906672239304,"w":0.9802180528640747},"size":0.0015963575569912792,"orthographic":false}