{"cameraMode":{"drawMode":0,"name":"Shaded","section":"Shading Mode"},"sceneLighting":false,"audioPlay":false,"sceneViewState":{"m_AlwaysRefresh":false,"showFog":true,"showSkybox":false,"showFlares":true,"showImageEffects":true,"showParticleSystems":true,"showVisualEffectGraphs":true,"m_FxEnabled":true},"in2DMode":false,"pivot":{"x":-3.562073230743408,"y":1.8910651206970215,"z":2.4014790058135988},"rotation":{"x":0.213703453540802,"y":-0.09070751816034317,"z":0.019944898784160615,"w":0.9725010991096497},"size":1.4361406564712525,"orthographic":false}