{"cameraMode":{"drawMode":0,"name":"Shaded","section":"Shading Mode"},"sceneLighting":false,"audioPlay":false,"sceneViewState":{"m_AlwaysRefresh":false,"showFog":true,"showSkybox":false,"showFlares":true,"showImageEffects":true,"showParticleSystems":true,"showVisualEffectGraphs":true,"m_FxEnabled":true},"in2DMode":false,"pivot":{"x":4.824367046356201,"y":1.0825018882751465,"z":-18.327516555786134},"rotation":{"x":-0.0023893462494015695,"y":-0.9763497710227966,"z":0.2160826176404953,"w":-0.011170290410518647},"size":1.0677077770233155,"orthographic":false}