{"cameraMode":{"drawMode":0,"name":"Shaded","section":"Shading Mode"},"sceneLighting":false,"audioPlay":false,"sceneViewState":{"m_AlwaysRefresh":false,"showFog":true,"showSkybox":false,"showFlares":true,"showImageEffects":true,"showParticleSystems":true,"showVisualEffectGraphs":true,"m_FxEnabled":true},"in2DMode":false,"pivot":{"x":2.2379283905029299,"y":2.545952796936035,"z":9.79501724243164},"rotation":{"x":-0.006210451480001211,"y":0.49993741512298586,"z":0.003623644355684519,"w":0.8661230802536011},"size":2.2003986835479738,"orthographic":false}