{"cameraMode":{"drawMode":0,"name":"Shaded","section":"Shading Mode"},"sceneLighting":false,"audioPlay":false,"sceneViewState":{"m_AlwaysRefresh":false,"showFog":true,"showSkybox":false,"showFlares":true,"showImageEffects":true,"showParticleSystems":true,"showVisualEffectGraphs":true,"m_FxEnabled":true},"in2DMode":false,"pivot":{"x":1.3710715770721436,"y":2.4800000190734865,"z":10.609999656677246},"rotation":{"x":0.0003077286237385124,"y":0.2681941092014313,"z":-0.00005163950118003413,"w":0.9634469151496887},"size":2.2003986835479738,"orthographic":false}