{"cameraMode":{"drawMode":0,"name":"Shaded","section":"Shading Mode"},"sceneLighting":false,"audioPlay":false,"sceneViewState":{"m_AlwaysRefresh":false,"showFog":true,"showSkybox":false,"showFlares":true,"showImageEffects":true,"showParticleSystems":true,"showVisualEffectGraphs":true,"m_FxEnabled":true},"in2DMode":false,"pivot":{"x":-1.2455716133117676,"y":1.9788892269134522,"z":-11.373185157775879},"rotation":{"x":0.002763201715424657,"y":0.9953703880310059,"z":-0.09255986660718918,"w":0.0341438464820385},"size":0.9417029023170471,"orthographic":false}