{"cameraMode":{"drawMode":0,"name":"Shaded","section":"Shading Mode"},"sceneLighting":false,"audioPlay":false,"sceneViewState":{"m_AlwaysRefresh":false,"showFog":true,"showSkybox":false,"showFlares":true,"showImageEffects":true,"showParticleSystems":true,"showVisualEffectGraphs":true,"m_FxEnabled":true},"in2DMode":false,"pivot":{"x":-0.34594476222991946,"y":-8.19284725189209,"z":-9.544866561889649},"rotation":{"x":-0.012769402004778386,"y":-0.9856768250465393,"z":0.14475393295288087,"w":-0.08739139139652252},"size":14.262327194213868,"orthographic":false}