{"cameraMode":{"drawMode":0,"name":"Shaded","section":"Shading Mode"},"sceneLighting":false,"audioPlay":false,"sceneViewState":{"m_AlwaysRefresh":false,"showFog":true,"showSkybox":false,"showFlares":true,"showImageEffects":true,"showParticleSystems":true,"showVisualEffectGraphs":true,"m_FxEnabled":true},"in2DMode":false,"pivot":{"x":0.8398094177246094,"y":-0.032453566789627078,"z":-5.38982629776001},"rotation":{"x":-0.052318546921014789,"y":-0.6224231719970703,"z":0.04213682562112808,"w":-0.7801185250282288},"size":0.6715402603149414,"orthographic":false}